	Df	SumsOfSqs	MeanSqs	F.Model	R2	Pr(>F)
Sample_Regime	1	1.68168843734615	1.68168843734615	6.10981327755532	0.152327143367039	0.001
Residuals	34	9.35829038831892	0.275243834950556	NA	0.847672856632961	NA
Total	35	11.0399788256651	NA	NA	1	NA
