	Df	SumsOfSqs	MeanSqs	F.Model	R2	Pr(>F)
Sample_Regime	1	0.442737944685425	0.442737944685425	1.59899069565449	0.0462149520406478	0.049
Residuals	33	9.13723401538541	0.276885879254103	NA	0.953785047959352	NA
Total	34	9.57997196007084	NA	NA	1	NA
