	Df	SumsOfSqs	MeanSqs	F.Model	R2	Pr(>F)
Sample_Regime	2	2.52782258615084	1.26391129307542	4.55402671656828	0.154091581504027	0.001
Residuals	50	13.8768541747583	0.277537083495165	NA	0.845908418495973	NA
Total	52	16.4046767609091	NA	NA	1	NA
