	Df	SumsOfSqs	MeanSqs	F.Model	R2	Pr(>F)
Sample_Regime	1	2.11756704788706	2.11756704788706	8.37444176652561	0.202406157254816	0.001
Residuals	33	8.34440247224557	0.252860680977139	NA	0.797593842745184	NA
Total	34	10.4619695201326	NA	NA	1	NA
