	Df	SumsOfSqs	MeanSqs	F.Model	R2	Pr(>F)
Sample_Regime	2	2.74850439565457	1.37425219782728	5.19699697617733	0.175000757832394	0.001
Residuals	49	12.9571669951341	0.264431979492534	NA	0.824999242167606	NA
Total	51	15.7056713907887	NA	NA	1	NA
