	Df	SumsOfSqs	MeanSqs	F.Model	R2	Pr(>F)
Sample_Regime	1	1.56798687747061	1.56798687747061	5.9501221362876	0.156787957491134	0.001
Residuals	32	8.43269750263731	0.263521796957416	NA	0.843212042508866	NA
Total	33	10.0006843801079	NA	NA	1	NA
