	Df	SumsOfSqs	MeanSqs	F.Model	R2	Pr(>F)
Sample_Regime	1	0.697165439472995	0.697165439472995	2.46124455939059	0.0675030320312174	0.014
Residuals	34	9.63074752228233	0.283257280067127	NA	0.932496967968783	NA
Total	35	10.3279129617553	NA	NA	1	NA
