	Df	SumsOfSqs	MeanSqs	F.Model	R2	Pr(>F)
Sample_Regime	13	17.8229446824553	1.37099574480425	5.64076950284473	0.389369734826039	0.001
Residuals	115	27.9508869442327	0.243051190819415	NA	0.610630265173961	NA
Total	128	45.773831626688	NA	NA	1	NA
