	Df	SumsOfSqs	MeanSqs	F.Model	R2	Pr(>F)
Sample_Regime	1	0.6823752665434	0.6823752665434	2.3396107931844	0.0662036378067757	0.003
Residuals	33	9.62484181622484	0.291661873218934	NA	0.933796362193224	NA
Total	34	10.3072170827682	NA	NA	1	NA
