	Df	SumsOfSqs	MeanSqs	F.Model	R2	Pr(>F)
Sample_Regime	1	0.19987446805723	0.19987446805723	0.817133561919327	0.0241633005477283	0.817
Residuals	33	8.07194533828216	0.244604404190368	NA	0.975836699452272	NA
Total	34	8.27181980633939	NA	NA	1	NA
