	combination	SumsOfSqs	MeanSqs	F.Model	R2	P.value	P.value.corrected
1	intestine.M <-> intestine.MMV	1.41573368550041	1.41573368550041	5.32681215569773	0.138983960733761	0.000999000999000999	0.000999000999000999
