	combination	SumsOfSqs	MeanSqs	F.Model	R2	P.value	P.value.corrected
1	intestine.V <-> intestine.VMV	1.56798687747061	1.56798687747061	5.9501221362876	0.156787957491134	0.000999000999000999	0.000999000999000999
