	combination	SumsOfSqs	MeanSqs	F.Model	R2	P.value	P.value.corrected
1	intestine.MM <-> intestine.MMV	0.6823752665434	0.6823752665434	2.3396107931844	0.0662036378067757	0.002997002997003	0.002997002997003
