	combination	SumsOfSqs	MeanSqs	F.Model	R2	P.value	P.value.corrected
1	intestine.V <-> intestine.VM	2.11756704788706	2.11756704788706	8.37444176652561	0.202406157254816	0.000999000999000999	0.0014985014985015
2	intestine.V <-> intestine.VMV	1.56798687747061	1.56798687747061	5.9501221362876	0.156787957491134	0.000999000999000999	0.0014985014985015
3	intestine.VM <-> intestine.VMV	0.442737944685425	0.442737944685425	1.59899069565449	0.0462149520406478	0.046953046953047	0.046953046953047
