	combination	SumsOfSqs	MeanSqs	F.Model	R2	P.value	P.value.corrected
1	intestine.M <-> intestine.V	0.19987446805723	0.19987446805723	0.817133561919327	0.0241633005477283	0.841158841158841	0.841158841158841
