	combination	SumsOfSqs	MeanSqs	F.Model	R2	P.value	P.value.corrected
1	intestine.V <-> intestine.VM	2.11756704788706	2.11756704788706	8.37444176652561	0.202406157254816	0.000999000999000999	0.000999000999000999
