	combination	SumsOfSqs	MeanSqs	F.Model	R2	P.value	P.value.corrected
1	intestine.MM <-> intestine.VM	0.697165439472995	0.697165439472995	2.46124455939059	0.0675030320312174	0.00999000999000999	0.00999000999000999
