	combination	SumsOfSqs	MeanSqs	F.Model	R2	P.value	P.value.corrected
1	intestine.VM <-> intestine.VMV	0.442737944685425	0.442737944685425	1.59899069565449	0.0462149520406478	0.0639360639360639	0.0639360639360639
