	combination	SumsOfSqs	MeanSqs	F.Model	R2	P.value	P.value.corrected
1	intestine.MMV <-> intestine.VMV	0.28293240496097	0.28293240496097	0.991513682571494	0.0300535977861265	0.415584415584416	0.415584415584416
